{
	"credit": "Made with Blockbench",
	"texture_size": [128, 128],
	"textures": {
		"1": "sustoilmd:block/bio_fridge"
	},
	"display":{
		"gui": {
			"translation": [-4, -2, 0],
			"scale": [0.5, 0.5, 0.5]
		},
		"thirdperson_righthand": {
			"scale": [0.5, 0.5, 0.5]
		},
		"firstperson_righthand": {
			"scale": [0.5, 0.5, 0.5]
		}
	},
	"elements": [
		{
			"from": [0, 0, 0],
			"to": [32, 24, 16],
			"faces": {
				"north": {"uv": [0, 0, 4, 3], "texture": "#1"},
				"east": {"uv": [4, 4, 6, 7], "texture": "#1"},
				"south": {"uv": [0, 3, 4, 6], "texture": "#1"},
				"west": {"uv": [0, 6, 2, 9], "texture": "#1"},
				"up": {"uv": [8, 2, 4, 0], "texture": "#1"},
				"down": {"uv": [8, 2, 4, 4], "texture": "#1"}
			}
		}
	]
}