{
  "variants": {
    "facing=north,type=single": {
      "model": "tutorialmod:block/simple_fence"
    },
    "facing=north,type=left": {
      "model": "tutorialmod:block/simple_fence_left"
    },
    "facing=north,type=right": {
      "model": "tutorialmod:block/simple_fence_right"
    },
    "facing=north,type=middle": {
      "model": "tutorialmod:block/simple_fence_middle"
    },
    "facing=east,type=single": {
      "model": "tutorialmod:block/simple_fence",
      "y": 90
    },
    "facing=east,type=left": {
      "model": "tutorialmod:block/simple_fence_left",
      "y": 90
    },
    "facing=east,type=right": {
      "model": "tutorialmod:block/simple_fence_right",
      "y": 90
    },
    "facing=east,type=middle": {
      "model": "tutorialmod:block/simple_fence_middle",
      "y": 90
    },
    "facing=south,type=single": {
      "model": "tutorialmod:block/simple_fence",
      "y": 180
    },
    "facing=south,type=left": {
      "model": "tutorialmod:block/simple_fence_left",
      "y": 180
    },
    "facing=south,type=right": {
      "model": "tutorialmod:block/simple_fence_right",
      "y": 180
    },
    "facing=south,type=middle": {
      "model": "tutorialmod:block/simple_fence_middle",
      "y": 180
    },
    "facing=west,type=single": {
      "model": "tutorialmod:block/simple_fence",
      "y": 270
    },
    "facing=west,type=left": {
      "model": "tutorialmod:block/simple_fence_left",
      "y": 270
    },
    "facing=west,type=right": {
      "model": "tutorialmod:block/simple_fence_right",
      "y": 270
    },
    "facing=west,type=middle": {
      "model": "tutorialmod:block/simple_fence_middle",
      "y": 270
    }
  }
}