{
  "parent": "minecraft:recipes/root",
  "criteria": {
    "has_ice": {
      "conditions": {
        "items": [
          {
            "items": "minecraft:ice"
          }
        ]
      },
      "trigger": "minecraft:inventory_changed"
    },
    "has_the_recipe": {
      "conditions": {
        "recipe": "minecraft:ice_ether_from_smelting_ice"
      },
      "trigger": "minecraft:recipe_unlocked"
    }
  },
  "requirements": [
    [
      "has_the_recipe",
      "has_ice"
    ]
  ],
  "rewards": {
    "recipes": [
      "minecraft:ice_ether_from_smelting_ice"
    ]
  }
}