{
  "parent": "minecraft:recipes/root",
  "criteria": {
    "has_ice_ether_block": {
      "conditions": {
        "items": [
          {
            "items": "tutorialmod:ice_ether_block"
          }
        ]
      },
      "trigger": "minecraft:inventory_changed"
    },
    "has_the_recipe": {
      "conditions": {
        "recipe": "minecraft:ice_ether"
      },
      "trigger": "minecraft:recipe_unlocked"
    }
  },
  "requirements": [
    [
      "has_the_recipe",
      "has_ice_ether_block"
    ]
  ],
  "rewards": {
    "recipes": [
      "minecraft:ice_ether"
    ]
  }
}