{
	"schemaVersion": 1,
	"id": "tutorialmod",
	"version": "${version}",
	"name": "TutorialMod",
	"description": "这是描述",
	"authors": [
		"北山Besson"
	],
	"contact": {
		"sources": "https://github.com/BeiShanair/tutorialmod-template-1.21"
	},
	"license": "CC0-1.0",
	"icon": "assets/tutorialmod/icon.png",
	"environment": "*",
	"entrypoints": {
		"main": [
			"com.besson.tutorialmod.TutorialMod"
		],
		"fabric-datagen": [
			"com.besson.tutorialmod.TutorialModDataGenerator"
		],
		"client": [
			"com.besson.tutorialmod.TutorialModClient"
		],
		"rei_client": [
			"com.besson.tutorialmod.compat.ModREIClientPlugins"
		]
	},
	"mixins": [
		"tutorialmod.mixins.json"
	],
	"depends": {
		"fabricloader": ">=0.15.11",
		"minecraft": "~1.21",
		"java": ">=21",
		"fabric-api": "*"
	},
	"suggests": {
		"another-mod": "*"
	}
}