{
	"credit": "Made with Blockbench",
	"texture_size": [32, 32],
	"textures": {
		"0": "tutorialmod:item/plate_3d",
		"particle": "tutorialmod:item/plate_3d"
	},
	"elements": [
		{
			"from": [5, 0, 5],
			"to": [11, 1, 11],
			"faces": {
				"north": {"uv": [4, 6, 7, 6.5], "texture": "#0"},
				"east": {"uv": [6, 4, 9, 4.5], "texture": "#0"},
				"south": {"uv": [6, 4.5, 9, 5], "texture": "#0"},
				"west": {"uv": [4, 6.5, 7, 7], "texture": "#0"},
				"up": {"uv": [3, 3, 0, 0], "texture": "#0"},
				"down": {"uv": [3, 3, 0, 6], "texture": "#0"}
			}
		},
		{
			"from": [5, 1, 11],
			"to": [11, 2, 13],
			"faces": {
				"north": {"uv": [0, 7, 3, 7.5], "texture": "#0"},
				"east": {"uv": [7, 6, 8, 6.5], "texture": "#0"},
				"south": {"uv": [4, 7, 7, 7.5], "texture": "#0"},
				"west": {"uv": [7, 6.5, 8, 7], "texture": "#0"},
				"up": {"uv": [7, 6, 4, 5], "texture": "#0"},
				"down": {"uv": [3, 6, 0, 7], "texture": "#0"}
			}
		},
		{
			"from": [5, 1, 3],
			"to": [11, 2, 5],
			"faces": {
				"north": {"uv": [7, 5, 10, 5.5], "texture": "#0"},
				"east": {"uv": [7, 7, 8, 7.5], "texture": "#0"},
				"south": {"uv": [7, 5.5, 10, 6], "texture": "#0"},
				"west": {"uv": [0, 7.5, 1, 8], "texture": "#0"},
				"up": {"uv": [9, 1, 6, 0], "texture": "#0"},
				"down": {"uv": [9, 1, 6, 2], "texture": "#0"}
			}
		},
		{
			"from": [11, 1, 3],
			"to": [13, 2, 13],
			"faces": {
				"north": {"uv": [1, 7.5, 2, 8], "texture": "#0"},
				"east": {"uv": [6, 2, 11, 2.5], "texture": "#0"},
				"south": {"uv": [2, 7.5, 3, 8], "texture": "#0"},
				"west": {"uv": [6, 2.5, 11, 3], "texture": "#0"},
				"up": {"uv": [4, 5, 3, 0], "texture": "#0"},
				"down": {"uv": [5, 0, 4, 5], "texture": "#0"}
			}
		},
		{
			"from": [3, 1, 3],
			"to": [5, 2, 13],
			"faces": {
				"north": {"uv": [4, 7.5, 5, 8], "texture": "#0"},
				"east": {"uv": [6, 3, 11, 3.5], "texture": "#0"},
				"south": {"uv": [5, 7.5, 6, 8], "texture": "#0"},
				"west": {"uv": [6, 3.5, 11, 4], "texture": "#0"},
				"up": {"uv": [6, 5, 5, 0], "texture": "#0"},
				"down": {"uv": [4, 5, 3, 10], "texture": "#0"}
			}
		}
	],
	"display": {
		"thirdperson_righthand": {
			"rotation": [75, 45, 0],
			"translation": [0, 2.5, 2.25],
			"scale": [0.375, 0.375, 0.375]
		},
		"thirdperson_lefthand": {
			"rotation": [75, 45, 0],
			"translation": [0, 2.5, 2.75],
			"scale": [0.375, 0.375, 0.375]
		},
		"firstperson_righthand": {
			"rotation": [0, 45, 0],
			"translation": [0, 4.25, 0],
			"scale": [0.4, 0.4, 0.4]
		},
		"firstperson_lefthand": {
			"rotation": [0, 225, 0],
			"translation": [0, 3.75, 0],
			"scale": [0.4, 0.4, 0.4]
		},
		"ground": {
			"translation": [0, 3, 0],
			"scale": [0.25, 0.25, 0.25]
		},
		"gui": {
			"rotation": [30, 225, 0],
			"scale": [0.625, 0.625, 0.625]
		},
		"head": {
			"rotation": [0, 180, 0],
			"translation": [0, 13, 7]
		},
		"fixed": {
			"scale": [0.5, 0.5, 0.5]
		}
	}
}