{
	"credit": "Made with Blockbench",
	"textures": {
		"0": "tutorialmod:item/simple_item",
		"particle": "tutorialmod:item/simple_item"
	},
	"elements": [
		{
			"from": [7, 0, 7],
			"to": [9, 2, 9],
			"rotation": {"angle": 0, "axis": "y", "origin": [7, 0, 7]},
			"faces": {
				"north": {"uv": [3, 12, 5, 14], "texture": "#0"},
				"east": {"uv": [12, 3, 14, 5], "texture": "#0"},
				"south": {"uv": [5, 12, 7, 14], "texture": "#0"},
				"west": {"uv": [12, 5, 14, 7], "texture": "#0"},
				"up": {"uv": [9, 14, 7, 12], "texture": "#0"},
				"down": {"uv": [14, 7, 12, 9], "texture": "#0"}
			}
		},
		{
			"from": [7, 14, 7],
			"to": [9, 16, 9],
			"rotation": {"angle": 0, "axis": "y", "origin": [7, 14, 7]},
			"faces": {
				"north": {"uv": [9, 12, 11, 14], "texture": "#0"},
				"east": {"uv": [12, 9, 14, 11], "texture": "#0"},
				"south": {"uv": [11, 12, 13, 14], "texture": "#0"},
				"west": {"uv": [13, 11, 15, 13], "texture": "#0"},
				"up": {"uv": [15, 15, 13, 13], "texture": "#0"},
				"down": {"uv": [5, 14, 3, 16], "texture": "#0"}
			}
		},
		{
			"from": [6.5, 2, 6.5],
			"to": [9.5, 14, 9.5],
			"rotation": {"angle": 0, "axis": "y", "origin": [7.5, 2, 7.5]},
			"faces": {
				"north": {"uv": [0, 0, 3, 12], "texture": "#0"},
				"east": {"uv": [3, 0, 6, 12], "texture": "#0"},
				"south": {"uv": [6, 0, 9, 12], "texture": "#0"},
				"west": {"uv": [9, 0, 12, 12], "texture": "#0"},
				"up": {"uv": [3, 15, 0, 12], "texture": "#0"},
				"down": {"uv": [15, 0, 12, 3], "texture": "#0"}
			}
		}
	],
	"display": {
		"thirdperson_righthand": {
			"translation": [0, 3, 1],
			"scale": [0.55, 0.55, 0.55]
		},
		"thirdperson_lefthand": {
			"translation": [0, 3, 1],
			"scale": [0.55, 0.55, 0.55]
		},
		"firstperson_righthand": {
			"rotation": [0, -90, 25],
			"translation": [1.13, 3.2, 1.13],
			"scale": [0.68, 0.68, 0.68]
		},
		"firstperson_lefthand": {
			"rotation": [0, -90, 25],
			"translation": [1.13, 3.2, 1.13],
			"scale": [0.68, 0.68, 0.68]
		},
		"ground": {
			"translation": [0, 2, 0],
			"scale": [0.5, 0.5, 0.5]
		},
		"gui": {
			"rotation": [30, 225, 0],
			"scale": [0.625, 0.625, 0.625]
		},
		"head": {
			"rotation": [0, 180, 0],
			"translation": [0, 13, 7]
		},
		"fixed": {
			"rotation": [0, 180, 0]
		}
	}
}