{
  "parent": "minecraft:recipes/root",
  "criteria": {
    "has_raw_ice_ether": {
      "conditions": {
        "items": [
          {
            "items": "tutorialmod:raw_ice_ether"
          }
        ]
      },
      "trigger": "minecraft:inventory_changed"
    },
    "has_the_recipe": {
      "conditions": {
        "recipe": "minecraft:ice_ether_from_campfire_cooking"
      },
      "trigger": "minecraft:recipe_unlocked"
    }
  },
  "requirements": [
    [
      "has_the_recipe",
      "has_raw_ice_ether"
    ]
  ],
  "rewards": {
    "recipes": [
      "minecraft:ice_ether_from_campfire_cooking"
    ]
  }
}