{
  "prospector_found_ore": {
    "subtitle": "sounds.tutorialmod.prospector_found_ore",
    "sounds": [
      "tutorialmod:prospector_found_ore"
    ]
  },
  "block_break": {
    "subtitle": "sounds.tutorialmod.block_break",
    "sounds": [
      "tutorialmod:block_break"
    ]
  },
  "block_fall": {
    "subtitle": "sounds.tutorialmod.block_fall",
    "sounds": [
      "tutorialmod:block_fall"
    ]
  },
  "block_hit": {
    "subtitle": "sounds.tutorialmod.block_hit",
    "sounds": [
      "tutorialmod:block_hit"
    ]
  },
  "block_place": {
    "subtitle": "sounds.tutorialmod.block_place",
    "sounds": [
      "tutorialmod:block_place"
    ]
  },
  "block_step": {
    "subtitle": "sounds.tutorialmod.block_step",
    "sounds": [
      "tutorialmod:block_step"
    ]
  },
  "music_disc.test": {
    "sounds": [
      "tutorialmod:test"
    ]
  }
}