{
	"credit": "Made with Blockbench",
	"texture_size": [64, 64],
	"textures": {
		"0": "tutorialmod:item/hat",
		"particle": "tutorialmod:item/hat"
	},
	"elements": [
		{
			"from": [3, 0, 3],
			"to": [13, 11, 13],
			"rotation": {"angle": 0, "axis": "y", "origin": [7, 0, 7]},
			"faces": {
				"north": {"uv": [3.5, 0, 6, 2.75], "texture": "#0"},
				"east": {"uv": [3.5, 2.75, 6, 5.5], "texture": "#0"},
				"south": {"uv": [3.5, 5.5, 6, 8.25], "texture": "#0"},
				"west": {"uv": [6, 0, 8.5, 2.75], "texture": "#0"},
				"up": {"uv": [8.5, 5.25, 6, 2.75], "texture": "#0"},
				"down": {"uv": [8.5, 5.25, 6, 7.75], "texture": "#0"}
			}
		},
		{
			"from": [1, 11, 1],
			"to": [15, 15, 15],
			"rotation": {"angle": 0, "axis": "y", "origin": [7, 0, 7]},
			"faces": {
				"north": {"uv": [0, 7, 3.5, 8], "texture": "#0"},
				"east": {"uv": [6, 7.75, 9.5, 8.75], "texture": "#0"},
				"south": {"uv": [0, 8, 3.5, 9], "texture": "#0"},
				"west": {"uv": [8.5, 0, 12, 1], "texture": "#0"},
				"up": {"uv": [3.5, 3.5, 0, 0], "texture": "#0"},
				"down": {"uv": [3.5, 3.5, 0, 7], "texture": "#0"}
			}
		}
	],
	"display": {
		"thirdperson_righthand": {
			"translation": [0, 3, 1],
			"scale": [0.55, 0.55, 0.55]
		},
		"thirdperson_lefthand": {
			"translation": [0, 3, 1],
			"scale": [0.55, 0.55, 0.55]
		},
		"firstperson_righthand": {
			"rotation": [0, -90, 25],
			"translation": [1.13, 3.2, 1.13],
			"scale": [0.68, 0.68, 0.68]
		},
		"firstperson_lefthand": {
			"rotation": [0, -90, 25],
			"translation": [1.13, 3.2, 1.13],
			"scale": [0.68, 0.68, 0.68]
		},
		"ground": {
			"translation": [0, 2, 0],
			"scale": [0.5, 0.5, 0.5]
		},
		"gui": {
			"rotation": [30, 225, 0],
			"scale": [0.625, 0.625, 0.625]
		},
		"head": {
			"rotation": [0, 180, 0],
			"translation": [0, 13, 0]
		},
		"fixed": {
			"rotation": [0, 180, 0]
		}
	}
}