{
	"credit": "Made with Blockbench",
	"texture_size": [64, 64],
	"textures": {
		"0": "tutorialmod:block/box",
		"particle": "tutorialmod:block/box"
	},
	"elements": [
		{
			"from": [0, 0, 0],
			"to": [2, 16, 16],
			"faces": {
				"north": {"uv": [9.5, 11, 10, 15], "texture": "#0"},
				"east": {"uv": [0, 0, 4, 4], "texture": "#0"},
				"south": {"uv": [10, 11, 10.5, 15], "texture": "#0"},
				"west": {"uv": [0, 4, 4, 8], "texture": "#0"},
				"up": {"uv": [11, 15, 10.5, 11], "texture": "#0"},
				"down": {"uv": [11.5, 11, 11, 15], "texture": "#0"}
			}
		},
		{
			"from": [14, 0, 0],
			"to": [16, 16, 16],
			"rotation": {"angle": 0, "axis": "y", "origin": [14, 0, 0]},
			"faces": {
				"north": {"uv": [11.5, 0, 12, 4], "texture": "#0"},
				"east": {"uv": [4, 0, 8, 4], "texture": "#0"},
				"south": {"uv": [6.5, 11.5, 7, 15.5], "texture": "#0"},
				"west": {"uv": [4, 4, 8, 8], "texture": "#0"},
				"up": {"uv": [7.5, 15.5, 7, 11.5], "texture": "#0"},
				"down": {"uv": [8, 11.5, 7.5, 15.5], "texture": "#0"}
			}
		},
		{
			"from": [2, 0, 1],
			"to": [14, 15, 15],
			"rotation": {"angle": 0, "axis": "y", "origin": [12, 0, 0]},
			"faces": {
				"north": {"uv": [3.5, 8, 6.5, 11.75], "texture": "#0"},
				"east": {"uv": [0, 8, 3.5, 11.75], "texture": "#0"},
				"south": {"uv": [8, 3.75, 11, 7.5], "texture": "#0"},
				"west": {"uv": [8, 0, 11.5, 3.75], "texture": "#0"},
				"up": {"uv": [9.5, 11.5, 6.5, 8], "texture": "#0"},
				"down": {"uv": [12.5, 7.5, 9.5, 11], "texture": "#0"}
			}
		}
	],
	"display": {
		"thirdperson_righthand": {
			"rotation": [75, 45, 0],
			"translation": [0, 2.5, 0],
			"scale": [0.375, 0.375, 0.375]
		},
		"thirdperson_lefthand": {
			"rotation": [75, 45, 0],
			"translation": [0, 2.5, 0],
			"scale": [0.375, 0.375, 0.375]
		},
		"firstperson_righthand": {
			"rotation": [0, 45, 0],
			"scale": [0.4, 0.4, 0.4]
		},
		"firstperson_lefthand": {
			"rotation": [0, 225, 0],
			"scale": [0.4, 0.4, 0.4]
		},
		"ground": {
			"translation": [0, 3, 0],
			"scale": [0.25, 0.25, 0.25]
		},
		"gui": {
			"rotation": [30, 225, 0],
			"scale": [0.625, 0.625, 0.625]
		},
		"fixed": {
			"scale": [0.5, 0.5, 0.5]
		}
	}
}